{"cameraMode":{"drawMode":0,"name":"Shaded","section":"Shading Mode"},"sceneLighting":true,"audioPlay":false,"sceneViewState":{"m_AlwaysRefresh":false,"showFog":true,"showSkybox":true,"showFlares":true,"showImageEffects":true,"showParticleSystems":true,"showVisualEffectGraphs":true,"m_FxEnabled":true},"in2DMode":false,"pivot":{"x":-0.14829593896865846,"y":0.8944777846336365,"z":0.8032314777374268},"rotation":{"x":0.2570667266845703,"y":-0.39103302359580996,"z":0.11461585015058518,"w":0.8763054609298706},"size":0.29253607988357546,"orthographic":false}