{"cameraMode":{"drawMode":0,"name":"Shaded","section":"Shading Mode"},"sceneLighting":false,"audioPlay":false,"sceneViewState":{"m_AlwaysRefresh":false,"showFog":false,"showSkybox":false,"showFlares":false,"showImageEffects":false,"showParticleSystems":false,"showVisualEffectGraphs":true,"m_FxEnabled":true},"in2DMode":false,"pivot":{"x":0.1450587511062622,"y":0.9189871549606323,"z":0.21686828136444093},"rotation":{"x":-0.011539299041032792,"y":-0.9847279191017151,"z":0.15821874141693116,"w":-0.07190931588411331},"size":0.6743215322494507,"orthographic":false}